Asked,Amberly,L,1,Asked
Asked,Amberly,L,2,Asked
Asked,Amberly,L,3,Asked
Asked,Amberly,L,4,Asked
Asked,Amberly,L,5,Asked
Asked,Amberly,L,6,Asked
Asked,Amberly,L,7,Asked
Asked,Amberly,P,1,Asked
Asked,Amberly,P,2,Asked
Asked,Amberly,P,3,Mouse
Asked,Amberly,P,4,Asked
Asked,Amberly,P,5,Asked
Asked,Amberly,P,6,Asked
Asked,Amberly,P,7,Asked
Asked,Emily,L,1,Asked
Asked,Emily,L,2,Asked
Asked,Emily,L,3,Asked
Asked,Emily,L,4,Asked
Asked,Emily,L,5,Asked
Asked,Emily,L,6,Asked
Asked,Emily,L,7,Asked
Asked,Emily,P,1,Asked
Asked,Emily,P,2,Asked
Asked,Emily,P,3,Asked
Asked,Emily,P,4,Asked
Asked,Emily,P,5,Asked
Asked,Emily,P,6,Asked
Asked,Emily,P,7,Asked
Asked,Sara,L,1,Asked
Asked,Sara,L,2,
Asked,Sara,L,3,
Asked,Sara,L,4,
Asked,Sara,L,5,Asked
Asked,Sara,L,6,Asked
Asked,Sara,L,7,Asked
Asked,Sara,P,1,Asked
Asked,Sara,P,2,Asked
Asked,Sara,P,3,Mouse
Asked,Sara,P,4,
Asked,Sara,P,5,Asked
Asked,Sara,P,6,Asked
Asked,Sara,P,7,Asked
Asked,Taylor,L,1,Asked
Asked,Taylor,L,2,Asked
Asked,Taylor,L,3,Asked
Asked,Taylor,L,4,Asked
Asked,Taylor,L,5,Asked
Asked,Taylor,L,6,Asked
Asked,Taylor,L,7,Asked
Asked,Taylor,P,1,Asked
Asked,Taylor,P,2,Asked
Asked,Taylor,P,3,Asked
Asked,Taylor,P,4,Asked
Asked,Taylor,P,5,Asked
Asked,Taylor,P,6,Asked
Asked,Taylor,P,7,Asked
Bark,Amberly,L,1,Bark
Bark,Amberly,L,2,Bark
Bark,Amberly,L,3,Bark
Bark,Amberly,L,4,Bark
Bark,Amberly,L,5,Bark
Bark,Amberly,L,6,Bark
Bark,Amberly,L,7,Bark
Bark,Amberly,P,1,Bark
Bark,Amberly,P,2,Bark
Bark,Amberly,P,3,Bark
Bark,Amberly,P,4,Bark
Bark,Amberly,P,5,Bark
Bark,Amberly,P,6,Bark
Bark,Amberly,P,7,Bark
Bark,Emily,L,1,Bark
Bark,Emily,L,2,Bark
Bark,Emily,L,3,Bark
Bark,Emily,L,4,Bark
Bark,Emily,L,5,Bark
Bark,Emily,L,6,Bark
Bark,Emily,L,7,Bark
Bark,Emily,P,1,Bark
Bark,Emily,P,2,Bark
Bark,Emily,P,3,Bark
Bark,Emily,P,4,Bark
Bark,Emily,P,5,Bark
Bark,Emily,P,6,Bark
Bark,Emily,P,7,Bark
Bark,Sara,L,1,Bark
Bark,Sara,L,2,Bark
Bark,Sara,L,3,Bark
Bark,Sara,L,4,Bark
Bark,Sara,L,5,Bark
Bark,Sara,L,6,Bark
Bark,Sara,L,7,Bark
Bark,Sara,P,1,
Bark,Sara,P,2,Bark
Bark,Sara,P,3,Bark
Bark,Sara,P,4,Bark
Bark,Sara,P,5,Bark
Bark,Sara,P,6,Bark
Bark,Sara,P,7,Bark
Bark,Taylor,L,1,Bark
Bark,Taylor,L,2,Bark
Bark,Taylor,L,3,Bark
Bark,Taylor,L,5,Bark
Bark,Taylor,L,6,Bark
Bark,Taylor,L,7,Bark
Bark,Taylor,P,1,Bark
Bark,Taylor,P,2,Bark
Bark,Taylor,P,3,Bark
Bark,Taylor,P,4,Bark
Bark,Taylor,P,5,Bark
Bark,Taylor,P,6,Bark
Bark,Taylor,P,7,Bark
Bully,Amberly,L,1,Bully
Bully,Amberly,L,2,Bully
Bully,Amberly,L,3,Bully
Bully,Amberly,L,4,Bully
Bully,Amberly,L,5,Bully
Bully,Amberly,L,6,Bully
Bully,Amberly,L,7,Bully
Bully,Amberly,P,1,Bully
Bully,Amberly,P,2,Bully
Bully,Amberly,P,3,Bully
Bully,Amberly,P,4,Bully
Bully,Amberly,P,5,Bully
Bully,Amberly,P,6,Bully
Bully,Amberly,P,7,Bully
Bully,Emily,L,1,Bully
Bully,Emily,L,2,Bully
Bully,Emily,L,3,Bully
Bully,Emily,L,4,Bully
Bully,Emily,L,5,Bully
Bully,Emily,L,6,Going
Bully,Emily,L,7,Going
Bully,Emily,P,1,Bully
Bully,Emily,P,2,Bully
Bully,Emily,P,3,Bully
Bully,Emily,P,4,Bully
Bully,Emily,P,5,Bully
Bully,Emily,P,6,Bully
Bully,Emily,P,7,Bully
Bully,Sara,L,1,Bully
Bully,Sara,L,2,Force
Bully,Sara,L,3,Bully
Bully,Sara,L,4,Going
Bully,Sara,L,5,Bully
Bully,Sara,L,6,Bully
Bully,Sara,L,7,
Bully,Sara,P,1,Going
Bully,Sara,P,2,
Bully,Sara,P,3,Bully
Bully,Sara,P,4,Bully
Bully,Sara,P,5,Going
Bully,Sara,P,6,Bully
Bully,Sara,P,7,Bully
Bully,Taylor,L,1,Bully
Bully,Taylor,L,2,Bully
Bully,Taylor,L,3,Bully
Bully,Taylor,L,4,Bully
Bully,Taylor,L,5,Bully
Bully,Taylor,L,6,Bully
Bully,Taylor,L,7,Bully
Bully,Taylor,P,1,Bully
Bully,Taylor,P,2,Bully
Bully,Taylor,P,3,Bully
Bully,Taylor,P,4,Bully
Bully,Taylor,P,5,Bully
Bully,Taylor,P,6,Bully
Check,Amberly,L,1,Check
Check,Amberly,L,2,Check
Check,Amberly,L,3,Check
Check,Amberly,L,4,Check
Check,Amberly,L,5,Check
Check,Amberly,L,6,Check
Check,Amberly,L,7,Check
Check,Amberly,P,1,Shell
Check,Amberly,P,2,Check
Check,Amberly,P,3,Check
Check,Amberly,P,4,Check
Check,Amberly,P,5,Shell
Check,Amberly,P,6,Shell
Check,Amberly,P,7,Shell
Check,Emily,L,1,Check
Check,Emily,L,2,Check
Check,Emily,L,3,Check
Check,Emily,L,5,Check
Check,Emily,L,6,Check
Check,Emily,L,7,Check
Check,Emily,P,1,Check
Check,Emily,P,2,Check
Check,Emily,P,3,Check
Check,Emily,P,4,Check
Check,Emily,P,5,Check
Check,Emily,P,6,Check
Check,Emily,P,7,Check
Check,Sara,L,1,Check
Check,Sara,L,2,Check
Check,Sara,L,3,Check
Check,Sara,L,4,Shell
Check,Sara,L,5,Shell
Check,Sara,L,6,Check
Check,Sara,L,7,Shell
Check,Sara,P,1,Shell
Check,Sara,P,2,Check
Check,Sara,P,3,Check
Check,Sara,P,4,Check
Check,Sara,P,5,Check
Check,Sara,P,6,Check
Check,Sara,P,7,Shell
Check,Taylor,L,1,Check
Check,Taylor,L,2,Check
Check,Taylor,L,3,Check
Check,Taylor,L,4,Check
Check,Taylor,L,5,Check
Check,Taylor,L,6,Check
Check,Taylor,L,7,Check
Check,Taylor,P,1,Check
Check,Taylor,P,2,Check
Check,Taylor,P,3,Check
Check,Taylor,P,4,Check
Check,Taylor,P,5,Check
Check,Taylor,P,6,Check
Check,Taylor,P,7,Check
Chow,Amberly,L,1,Shell
Chow,Amberly,L,2,Shell
Chow,Amberly,L,3,Shell
Chow,Amberly,L,4,Shell
Chow,Amberly,L,5,Shell
Chow,Amberly,L,6,Shell
Chow,Amberly,L,7,Shell
Chow,Amberly,P,1,Shell
Chow,Amberly,P,2,Shell
Chow,Amberly,P,3,Shell
Chow,Amberly,P,4,Shell
Chow,Amberly,P,5,Shell
Chow,Amberly,P,7,Shell
Chow,Emily,L,1,Chow
Chow,Emily,L,2,Shell
Chow,Emily,L,3,Shell
Chow,Emily,L,4,Shell
Chow,Emily,L,5,Shell
Chow,Emily,L,6,Shell
Chow,Emily,L,7,Shell
Chow,Emily,P,1,Shell
Chow,Emily,P,2,Shell
Chow,Emily,P,3,Shell
Chow,Emily,P,4,Shell
Chow,Emily,P,5,Shell
Chow,Emily,P,6,Shell
Chow,Emily,P,7,Shell
Chow,Sara,L,1,Shell
Chow,Sara,L,2,Shell
Chow,Sara,L,3,Shell
Chow,Sara,L,4,Shell
Chow,Sara,L,5,Shell
Chow,Sara,L,6,Shell
Chow,Sara,L,7,Shell
Chow,Sara,P,1,Shell
Chow,Sara,P,2,Shell
Chow,Sara,P,3,Shell
Chow,Sara,P,4,Shell
Chow,Sara,P,5,Shell
Chow,Sara,P,6,Shell
Chow,Sara,P,7,Shell
Chow,Taylor,L,1,Shell
Chow,Taylor,L,2,Chow
Chow,Taylor,L,3,Chow
Chow,Taylor,L,4,Chow
Chow,Taylor,L,5,Chow
Chow,Taylor,L,6,Chow
Chow,Taylor,L,7,Chow
Chow,Taylor,P,1,Chow
Chow,Taylor,P,2,Chow
Chow,Taylor,P,3,Shell
Chow,Taylor,P,4,Shell
Chow,Taylor,P,5,Shell
Chow,Taylor,P,6,Shell
Chow,Taylor,P,7,Shell
Cookie,Amberly,L,1,Cookie
Cookie,Amberly,L,2,Cookie
Cookie,Amberly,L,3,Cookie
Cookie,Amberly,L,4,Cookie
Cookie,Amberly,L,5,Cookie
Cookie,Amberly,L,6,Cookie
Cookie,Amberly,L,7,Cookie
Cookie,Amberly,P,1,Cookie
Cookie,Amberly,P,2,Cookie
Cookie,Amberly,P,3,Cookie
Cookie,Amberly,P,4,Cookie
Cookie,Amberly,P,5,Cookie
Cookie,Amberly,P,6,Cookie
Cookie,Amberly,P,7,Cookie
Cookie,Emily,L,1,Cookie
Cookie,Emily,L,2,
Cookie,Emily,L,3,Cookie
Cookie,Emily,L,4,Cookie
Cookie,Emily,L,5,Cookie
Cookie,Emily,L,6,Cookie
Cookie,Emily,L,7,Cookie
Cookie,Emily,P,1,
Cookie,Emily,P,2,Cookie
Cookie,Emily,P,3,
Cookie,Emily,P,4,
Cookie,Emily,P,5,Cookie
Cookie,Emily,P,6,Cookie
Cookie,Sara,L,1,
Cookie,Sara,L,2,Cookie
Cookie,Sara,L,3,Cookie
Cookie,Sara,L,4,
Cookie,Sara,L,5,Me
Cookie,Sara,L,6,
Cookie,Sara,L,7,
Cookie,Sara,P,1,
Cookie,Sara,P,2,Cookie
Cookie,Sara,P,3,Feud
Cookie,Sara,P,4,Cookie
Cookie,Sara,P,5,
Cookie,Sara,P,6,Cookie
Cookie,Sara,P,7,Cookie
Cookie,Taylor,L,1,Cookie
Cookie,Taylor,L,2,Cookie
Cookie,Taylor,L,3,Cookie
Cookie,Taylor,L,4,Cookie
Cookie,Taylor,L,5,Cookie
Cookie,Taylor,L,6,Cookie
Cookie,Taylor,L,7,Cookie
Cookie,Taylor,P,1,Cookie
Cookie,Taylor,P,2,Cookie
Cookie,Taylor,P,3,Cookie
Cookie,Taylor,P,4,Cookie
Cookie,Taylor,P,5,Cookie
Cookie,Taylor,P,6,Cookie
Cookie,Taylor,P,7,Cookie
Crack,Amberly,L,1,Crack
Crack,Amberly,L,2,Crack
Crack,Amberly,L,3,Crack
Crack,Amberly,L,4,Crack
Crack,Amberly,L,5,Crack
Crack,Amberly,L,6,Crack
Crack,Amberly,L,7,Crack
Crack,Amberly,P,1,Crack
Crack,Amberly,P,2,Crack
Crack,Amberly,P,3,Crack
Crack,Amberly,P,4,Crack
Crack,Amberly,P,5,Crack
Crack,Amberly,P,6,Crack
Crack,Amberly,P,7,Crack
Crack,Emily,L,1,Crack
Crack,Emily,L,2,Crack
Crack,Emily,L,3,Crack
Crack,Emily,L,4,Crack
Crack,Emily,L,5,Crack
Crack,Emily,L,6,Crack
Crack,Emily,L,7,Crack
Crack,Emily,P,1,Crack
Crack,Emily,P,2,Crack
Crack,Emily,P,3,Crack
Crack,Emily,P,4,Crack
Crack,Emily,P,5,Crack
Crack,Emily,P,6,Crack
Crack,Emily,P,7,
Crack,Sara,L,1,Crack
Crack,Sara,L,2,Crack
Crack,Sara,L,3,Crack
Crack,Sara,L,4,Crawl
Crack,Sara,L,5,
Crack,Sara,L,6,Kind
Crack,Sara,L,7,Crawl
Crack,Sara,P,1,Crawl
Crack,Sara,P,2,Crack
Crack,Sara,P,3,Crawl
Crack,Sara,P,4,Crawl
Crack,Sara,P,5,
Crack,Sara,P,6,Crawl
Crack,Sara,P,7,Crawl
Crack,Taylor,L,1,Crack
Crack,Taylor,L,2,Crack
Crack,Taylor,L,3,Crack
Crack,Taylor,L,4,Crack
Crack,Taylor,L,5,Crack
Crack,Taylor,L,6,Crack
Crack,Taylor,L,7,Crack
Crack,Taylor,P,1,Crack
Crack,Taylor,P,2,Crack
Crack,Taylor,P,3,Crack
Crack,Taylor,P,4,Crack
Crack,Taylor,P,5,Crack
Crack,Taylor,P,6,Crack
Crack,Taylor,P,7,Crack
Crawl,Amberly,L,1,Crawl
Crawl,Amberly,L,2,Crawl
Crawl,Amberly,L,3,Crawl
Crawl,Amberly,L,4,Crawl
Crawl,Amberly,L,5,Crawl
Crawl,Amberly,L,6,Crawl
Crawl,Amberly,L,7,Crawl
Crawl,Amberly,P,1,Crawl
Crawl,Amberly,P,2,Host
Crawl,Amberly,P,3,Host
Crawl,Amberly,P,4,Crawl
Crawl,Amberly,P,5,Crawl
Crawl,Amberly,P,6,Crawl
Crawl,Amberly,P,7,Crawl
Crawl,Emily,L,1,Crawl
Crawl,Emily,L,2,Crawl
Crawl,Emily,L,3,Crawl
Crawl,Emily,L,4,Crawl
Crawl,Emily,L,5,Crawl
Crawl,Emily,L,6,Crawl
Crawl,Emily,L,7,Crawl
Crawl,Emily,P,1,Crawl
Crawl,Emily,P,2,Crawl
Crawl,Emily,P,3,Crawl
Crawl,Emily,P,4,Crawl
Crawl,Emily,P,5,Crawl
Crawl,Emily,P,6,Crawl
Crawl,Emily,P,7,Crawl
Crawl,Sara,L,1,Crawl
Crawl,Sara,L,2,Crawl
Crawl,Sara,L,3,Crawl
Crawl,Sara,L,4,Crawl
Crawl,Sara,L,5,Crawl
Crawl,Sara,L,6,Crawl
Crawl,Sara,L,7,Crawl
Crawl,Sara,P,1,Crawl
Crawl,Sara,P,2,Crawl
Crawl,Sara,P,3,Crawl
Crawl,Sara,P,4,Crawl
Crawl,Sara,P,5,Crawl
Crawl,Sara,P,6,Crawl
Crawl,Sara,P,7,Crawl
Crawl,Taylor,L,1,Crawl
Crawl,Taylor,L,2,Crawl
Crawl,Taylor,L,3,Crawl
Crawl,Taylor,L,4,Crawl
Crawl,Taylor,L,5,Crawl
Crawl,Taylor,L,6,Crawl
Crawl,Taylor,L,7,Crawl
Crawl,Taylor,P,1,Slaying
Crawl,Taylor,P,2,Crawl
Crawl,Taylor,P,3,Crawl
Crawl,Taylor,P,4,Crawl
Crawl,Taylor,P,5,Crawl
Crawl,Taylor,P,6,Crawl
Crawl,Taylor,P,7,Crawl
Decoy,Amberly,L,1,Decoy
Decoy,Amberly,L,2,Decoy
Decoy,Amberly,L,3,Decoy
Decoy,Amberly,L,4,Decoy
Decoy,Amberly,L,5,Decoy
Decoy,Amberly,L,6,Decoy
Decoy,Amberly,L,7,Decoy
Decoy,Amberly,P,1,Decoy
Decoy,Amberly,P,2,Decoy
Decoy,Amberly,P,3,Decoy
Decoy,Amberly,P,4,Decoy
Decoy,Amberly,P,5,Decoy
Decoy,Amberly,P,6,Decoy
Decoy,Amberly,P,7,Decoy
Decoy,Emily,L,1,Decoy
Decoy,Emily,L,2,Decoy
Decoy,Emily,L,3,Decoy
Decoy,Emily,L,4,Decoy
Decoy,Emily,L,5,Decoy
Decoy,Emily,L,6,Decoy
Decoy,Emily,L,7,Decoy
Decoy,Emily,P,1,Decoy
Decoy,Emily,P,2,Decoy
Decoy,Emily,P,3,Decoy
Decoy,Emily,P,4,Decoy
Decoy,Emily,P,5,Decoy
Decoy,Emily,P,6,Decoy
Decoy,Emily,P,7,Decoy
Decoy,Sara,L,1,Decoy
Decoy,Sara,L,2,Decoy
Decoy,Sara,L,3,Decoy
Decoy,Sara,L,4,
Decoy,Sara,L,5,Decoy
Decoy,Sara,L,6,Decoy
Decoy,Sara,L,7,
Decoy,Sara,P,1,Decoy
Decoy,Sara,P,2,Decoy
Decoy,Sara,P,3,Decoy
Decoy,Sara,P,4,Decoy
Decoy,Sara,P,5,Decoy
Decoy,Sara,P,6,Decoy
Decoy,Sara,P,7,Feud
Decoy,Taylor,L,1,Decoy
Decoy,Taylor,L,2,Decoy
Decoy,Taylor,L,3,Decoy
Decoy,Taylor,L,4,Decoy
Decoy,Taylor,L,5,Decoy
Decoy,Taylor,L,6,Decoy
Decoy,Taylor,L,7,Decoy
Decoy,Taylor,P,1,Decoy
Decoy,Taylor,P,2,Decoy
Decoy,Taylor,P,3,Decoy
Decoy,Taylor,P,4,Decoy
Decoy,Taylor,P,5,Decoy
Decoy,Taylor,P,6,Decoy
Decoy,Taylor,P,7,Decoy
Eighty,Amberly,L,1,Eighty
Eighty,Amberly,L,2,Eighty
Eighty,Amberly,L,3,Eighty
Eighty,Amberly,L,4,Eighty
Eighty,Amberly,L,5,Eighty
Eighty,Amberly,L,6,Eighty
Eighty,Amberly,L,7,Eighty
Eighty,Amberly,P,1,Scheming
Eighty,Amberly,P,2,
Eighty,Amberly,P,3,Eighty
Eighty,Amberly,P,4,Eighty
Eighty,Amberly,P,5,Eighty
Eighty,Amberly,P,6,Eighty
Eighty,Amberly,P,7,Eighty
Eighty,Emily,L,1,Eighty
Eighty,Emily,L,2,Eighty
Eighty,Emily,L,3,Eighty
Eighty,Emily,L,4,
Eighty,Emily,L,5,
Eighty,Emily,L,6,Scheming
Eighty,Emily,L,7,Scheming
Eighty,Emily,P,1,Eighty
Eighty,Emily,P,2,Eighty
Eighty,Emily,P,3,Eighty
Eighty,Emily,P,4,Eighty
Eighty,Emily,P,5,Eighty
Eighty,Emily,P,6,Scheming
Eighty,Emily,P,7,Eighty
Eighty,Sara,L,1,Scheming
Eighty,Sara,L,2,
Eighty,Sara,L,3,Eighty
Eighty,Sara,L,4,Scheming
Eighty,Sara,L,5,Scheming
Eighty,Sara,L,6,Scheming
Eighty,Sara,L,7,Eighty
Eighty,Sara,P,1,Scheming
Eighty,Sara,P,2,
Eighty,Sara,P,3,Eighty
Eighty,Sara,P,4,Scheming
Eighty,Sara,P,5,Scheming
Eighty,Sara,P,6,Feud
Eighty,Sara,P,7,Scheming
Eighty,Taylor,L,1,Eighty
Eighty,Taylor,L,2,Eighty
Eighty,Taylor,L,3,Eighty
Eighty,Taylor,L,4,Eighty
Eighty,Taylor,L,5,Eighty
Eighty,Taylor,L,6,Eighty
Eighty,Taylor,L,7,Eighty
Eighty,Taylor,P,1,Eighty
Eighty,Taylor,P,2,Eighty
Eighty,Taylor,P,3,Eighty
Eighty,Taylor,P,4,Eighty
Eighty,Taylor,P,5,Eighty
Eighty,Taylor,P,6,Eighty
Eighty,Taylor,P,7,Eighty
Feud,Amberly,L,1,Feud
Feud,Amberly,L,2,Feud
Feud,Amberly,L,3,Feud
Feud,Amberly,L,4,Feud
Feud,Amberly,L,5,Feud
Feud,Amberly,L,6,Feud
Feud,Amberly,L,7,Feud
Feud,Amberly,P,1,Feud
Feud,Amberly,P,2,Feud
Feud,Amberly,P,3,Feud
Feud,Amberly,P,4,Feud
Feud,Amberly,P,5,Feud
Feud,Amberly,P,6,Feud
Feud,Amberly,P,7,Feud
Feud,Emily,L,1,Feud
Feud,Emily,L,2,Feud
Feud,Emily,L,3,Feud
Feud,Emily,L,4,Feud
Feud,Emily,L,5,Feud
Feud,Emily,L,6,Feud
Feud,Emily,L,7,Feud
Feud,Emily,P,1,Feud
Feud,Emily,P,2,Feud
Feud,Emily,P,3,Feud
Feud,Emily,P,4,Feud
Feud,Emily,P,5,Feud
Feud,Emily,P,6,Feud
Feud,Emily,P,7,Feud
Feud,Sara,L,1,Feud
Feud,Sara,L,2,Feud
Feud,Sara,L,3,Feud
Feud,Sara,L,4,Feud
Feud,Sara,L,5,Feud
Feud,Sara,L,6,Feud
Feud,Sara,L,7,Feud
Feud,Sara,P,1,Feud
Feud,Sara,P,2,Feud
Feud,Sara,P,3,Feud
Feud,Sara,P,4,Feud
Feud,Sara,P,5,Feud
Feud,Sara,P,6,Feud
Feud,Sara,P,7,Feud
Feud,Taylor,L,1,Feud
Feud,Taylor,L,2,Feud
Feud,Taylor,L,3,Feud
Feud,Taylor,L,4,Feud
Feud,Taylor,L,5,Feud
Feud,Taylor,L,6,Feud
Feud,Taylor,L,7,Feud
Feud,Taylor,P,1,Feud
Feud,Taylor,P,2,Feud
Feud,Taylor,P,3,Feud
Feud,Taylor,P,4,Feud
Feud,Taylor,P,5,Feud
Feud,Taylor,P,6,Feud
Feud,Taylor,P,7,Feud
Flight,Amberly,L,1,Flight
Flight,Amberly,L,2,Flight
Flight,Amberly,L,3,Flight
Flight,Amberly,L,4,Flight
Flight,Amberly,L,5,Flight
Flight,Amberly,L,6,Flight
Flight,Amberly,L,7,Flight
Flight,Amberly,P,1,Lake
Flight,Amberly,P,2,Lake
Flight,Amberly,P,3,Lake
Flight,Amberly,P,4,Lake
Flight,Amberly,P,5,Flight
Flight,Amberly,P,6,Lake
Flight,Amberly,P,7,Flight
Flight,Emily,L,1,Flight
Flight,Emily,L,2,Flight
Flight,Emily,L,3,Flight
Flight,Emily,L,4,Flight
Flight,Emily,L,5,Flight
Flight,Emily,L,6,Flight
Flight,Emily,L,7,Flight
Flight,Emily,P,1,Flight
Flight,Emily,P,2,Flight
Flight,Emily,P,3,Flight
Flight,Emily,P,4,Flight
Flight,Emily,P,5,Flight
Flight,Emily,P,6,Flight
Flight,Emily,P,7,Flight
Flight,Sara,L,1,Flight
Flight,Sara,L,2,Flight
Flight,Sara,L,3,
Flight,Sara,L,4,Flight
Flight,Sara,L,5,Flight
Flight,Sara,L,6,Flight
Flight,Sara,L,7,Flight
Flight,Sara,P,1,Flight
Flight,Sara,P,2,Flight
Flight,Sara,P,3,Flight
Flight,Sara,P,4,Flight
Flight,Sara,P,5,Flight
Flight,Sara,P,6,Flight
Flight,Sara,P,7,Flight
Flight,Taylor,L,1,Flight
Flight,Taylor,L,2,Flight
Flight,Taylor,L,3,Flight
Flight,Taylor,L,4,Flight
Flight,Taylor,L,5,Flight
Flight,Taylor,L,6,Flight
Flight,Taylor,L,7,Flight
Flight,Taylor,P,1,Flight
Flight,Taylor,P,2,Flight
Flight,Taylor,P,3,Flight
Flight,Taylor,P,4,Flight
Flight,Taylor,P,5,Flight
Flight,Taylor,P,6,Flight
Flight,Taylor,P,7,Flight
Fluff,Amberly,L,1,Fluff
Fluff,Amberly,L,2,Fluff
Fluff,Amberly,L,3,Fluff
Fluff,Amberly,L,4,Fluff
Fluff,Amberly,L,5,Fluff
Fluff,Amberly,L,6,Fluff
Fluff,Amberly,L,7,Fluff
Fluff,Amberly,P,1,Fluff
Fluff,Amberly,P,2,Mouse
Fluff,Amberly,P,3,Fluff
Fluff,Amberly,P,4,Fluff
Fluff,Amberly,P,5,
Fluff,Amberly,P,6,Fluff
Fluff,Amberly,P,7,Fluff
Fluff,Emily,L,1,Fluff
Fluff,Emily,L,2,Fluff
Fluff,Emily,L,3,Fluff
Fluff,Emily,L,4,Fluff
Fluff,Emily,L,5,Fluff
Fluff,Emily,L,6,Fluff
Fluff,Emily,L,7,Fluff
Fluff,Emily,P,1,Fluff
Fluff,Emily,P,2,Fluff
Fluff,Emily,P,3,Fluff
Fluff,Emily,P,4,Fluff
Fluff,Emily,P,5,Fluff
Fluff,Emily,P,6,Fluff
Fluff,Emily,P,7,Fluff
Fluff,Sara,L,1,Fluff
Fluff,Sara,L,2,Fluff
Fluff,Sara,L,3,Fluff
Fluff,Sara,L,4,Fluff
Fluff,Sara,L,5,Fluff
Fluff,Sara,L,6,Fluff
Fluff,Sara,L,7,Fluff
Fluff,Sara,P,1,Fluff
Fluff,Sara,P,2,Fluff
Fluff,Sara,P,3,Fluff
Fluff,Sara,P,4,Fluff
Fluff,Sara,P,5,Fluff
Fluff,Sara,P,6,Fluff
Fluff,Sara,P,7,Fluff
Fluff,Taylor,L,1,Fluff
Fluff,Taylor,L,2,Fluff
Fluff,Taylor,L,3,Fluff
Fluff,Taylor,L,4,Fluff
Fluff,Taylor,L,5,Fluff
Fluff,Taylor,L,6,Fluff
Fluff,Taylor,L,7,Fluff
Fluff,Taylor,P,1,Fluff
Fluff,Taylor,P,2,Fluff
Fluff,Taylor,P,3,Fluff
Fluff,Taylor,P,4,Fluff
Fluff,Taylor,P,5,Fluff
Fluff,Taylor,P,6,Fluff
Fluff,Taylor,P,7,Fluff
Force,Amberly,L,1,Force
Force,Amberly,L,2,Force
Force,Amberly,L,3,Force
Force,Amberly,L,4,Force
Force,Amberly,L,5,Force
Force,Amberly,L,6,Force
Force,Amberly,L,7,Force
Force,Amberly,P,1,Force
Force,Amberly,P,2,Force
Force,Amberly,P,3,Force
Force,Amberly,P,4,Force
Force,Amberly,P,5,Force
Force,Amberly,P,6,Force
Force,Amberly,P,7,Force
Force,Emily,L,1,Force
Force,Emily,L,2,Force
Force,Emily,L,3,Force
Force,Emily,L,4,Force
Force,Emily,L,5,Force
Force,Emily,L,6,Force
Force,Emily,L,7,Force
Force,Emily,P,1,Force
Force,Emily,P,2,Force
Force,Emily,P,3,Force
Force,Emily,P,4,Force
Force,Emily,P,5,Force
Force,Emily,P,6,Force
Force,Emily,P,7,Force
Force,Sara,L,1,Force
Force,Sara,L,2,Force
Force,Sara,L,3,Force
Force,Sara,L,4,Force
Force,Sara,L,5,Force
Force,Sara,L,6,Force
Force,Sara,L,7,Force
Force,Sara,P,1,Force
Force,Sara,P,2,Force
Force,Sara,P,3,Force
Force,Sara,P,4,Force
Force,Sara,P,5,Force
Force,Sara,P,6,Force
Force,Sara,P,7,Force
Force,Taylor,L,1,Force
Force,Taylor,L,2,Force
Force,Taylor,L,3,Force
Force,Taylor,L,4,Force
Force,Taylor,L,5,Force
Force,Taylor,L,6,Force
Force,Taylor,L,7,Force
Force,Taylor,P,1,Force
Force,Taylor,P,2,Force
Force,Taylor,P,3,Force
Force,Taylor,P,4,Force
Force,Taylor,P,5,Force
Force,Taylor,P,6,Force
Force,Taylor,P,7,Force
Fringe,Amberly,L,1,Fringe
Fringe,Amberly,L,2,Fringe
Fringe,Amberly,L,3,Fringe
Fringe,Amberly,L,4,Fringe
Fringe,Amberly,L,5,Fringe
Fringe,Amberly,L,6,Fringe
Fringe,Amberly,L,7,Fringe
Fringe,Amberly,P,1,Fringe
Fringe,Amberly,P,2,Fringe
Fringe,Amberly,P,3,Fringe
Fringe,Amberly,P,4,Fringe
Fringe,Amberly,P,5,Fringe
Fringe,Amberly,P,6,Fringe
Fringe,Amberly,P,7,Fringe
Fringe,Emily,L,1,Fringe
Fringe,Emily,L,2,Fringe
Fringe,Emily,L,3,Fringe
Fringe,Emily,L,4,Fringe
Fringe,Emily,L,5,Fringe
Fringe,Emily,L,6,Fringe
Fringe,Emily,L,7,Fringe
Fringe,Emily,P,1,Fringe
Fringe,Emily,P,2,Fringe
Fringe,Emily,P,3,Fringe
Fringe,Emily,P,4,Fringe
Fringe,Emily,P,5,Fringe
Fringe,Emily,P,6,Fringe
Fringe,Emily,P,7,Fringe
Fringe,Sara,L,1,Fringe
Fringe,Sara,L,2,Fringe
Fringe,Sara,L,3,Fringe
Fringe,Sara,L,4,Fringe
Fringe,Sara,L,5,Fringe
Fringe,Sara,L,6,
Fringe,Sara,L,7,Fringe
Fringe,Sara,P,1,Fringe
Fringe,Sara,P,2,Fringe
Fringe,Sara,P,3,Fringe
Fringe,Sara,P,4,Fringe
Fringe,Sara,P,5,Fringe
Fringe,Sara,P,6,Fringe
Fringe,Sara,P,7,Fringe
Fringe,Taylor,L,1,Fringe
Fringe,Taylor,L,2,Fringe
Fringe,Taylor,L,3,Fringe
Fringe,Taylor,L,4,Fringe
Fringe,Taylor,L,5,Fringe
Fringe,Taylor,L,6,Fringe
Fringe,Taylor,L,7,Fringe
Fringe,Taylor,P,1,Fringe
Fringe,Taylor,P,2,Fringe
Fringe,Taylor,P,3,Fringe
Fringe,Taylor,P,4,Fringe
Fringe,Taylor,P,5,Fringe
Fringe,Taylor,P,6,Fringe
Fringe,Taylor,P,7,Fringe
Giant,Amberly,L,1,Giant
Giant,Amberly,L,2,Giant
Giant,Amberly,L,3,Giant
Giant,Amberly,L,4,Giant
Giant,Amberly,L,5,Giant
Giant,Amberly,L,6,Giant
Giant,Amberly,L,7,Giant
Giant,Amberly,P,1,Giant
Giant,Amberly,P,2,Giant
Giant,Amberly,P,3,Giant
Giant,Amberly,P,4,Giant
Giant,Amberly,P,5,Giant
Giant,Amberly,P,6,Giant
Giant,Amberly,P,7,Giant
Giant,Emily,L,1,Giant
Giant,Emily,L,2,Giant
Giant,Emily,L,3,Giant
Giant,Emily,L,4,Giant
Giant,Emily,L,5,Giant
Giant,Emily,L,6,Giant
Giant,Emily,L,7,Giant
Giant,Emily,P,1,Giant
Giant,Emily,P,2,Giant
Giant,Emily,P,3,Giant
Giant,Emily,P,4,Giant
Giant,Emily,P,5,Giant
Giant,Emily,P,6,Giant
Giant,Emily,P,7,Giant
Giant,Sara,L,1,Giant
Giant,Sara,L,2,Giant
Giant,Sara,L,3,Giant
Giant,Sara,L,4,Giant
Giant,Sara,L,5,Giant
Giant,Sara,L,6,Giant
Giant,Sara,L,7,Giant
Giant,Sara,P,1,Giant
Giant,Sara,P,2,Giant
Giant,Sara,P,3,
Giant,Sara,P,4,Giant
Giant,Sara,P,5,Giant
Giant,Sara,P,6,Giant
Giant,Sara,P,7,Shell
Giant,Taylor,L,1,Giant
Giant,Taylor,L,2,Giant
Giant,Taylor,L,3,Giant
Giant,Taylor,L,4,Giant
Giant,Taylor,L,5,Giant
Giant,Taylor,L,6,Giant
Giant,Taylor,L,7,Giant
Giant,Taylor,P,1,Giant
Giant,Taylor,P,2,Giant
Giant,Taylor,P,3,Giant
Giant,Taylor,P,4,Giant
Giant,Taylor,P,5,Giant
Giant,Taylor,P,6,Giant
Giant,Taylor,P,7,Giant
Going,Amberly,L,1,Going
Going,Amberly,L,2,Going
Going,Amberly,L,3,Going
Going,Amberly,L,4,Bully
Going,Amberly,L,5,Going
Going,Amberly,L,6,Going
Going,Amberly,L,7,Going
Going,Amberly,P,1,Going
Going,Amberly,P,2,Going
Going,Amberly,P,3,Going
Going,Amberly,P,4,Going
Going,Amberly,P,5,Going
Going,Amberly,P,6,Going
Going,Amberly,P,7,Going
Going,Emily,L,1,Going
Going,Emily,L,2,Going
Going,Emily,L,3,Going
Going,Emily,L,4,Going
Going,Emily,L,5,Going
Going,Emily,L,6,Going
Going,Emily,L,7,Going
Going,Emily,P,1,Going
Going,Emily,P,2,Going
Going,Emily,P,3,Going
Going,Emily,P,4,Going
Going,Emily,P,5,Going
Going,Emily,P,6,Going
Going,Emily,P,7,Going
Going,Sara,L,1,Going
Going,Sara,L,2,Going
Going,Sara,L,3,Crawl
Going,Sara,L,4,Going
Going,Sara,L,5,Going
Going,Sara,L,6,Going
Going,Sara,L,7,Crawl
Going,Sara,P,1,Kind
Going,Sara,P,2,Crawl
Going,Sara,P,3,Going
Going,Sara,P,4,Going
Going,Sara,P,5,Going
Going,Sara,P,6,Going
Going,Sara,P,7,Going
Going,Taylor,L,1,Going
Going,Taylor,L,2,Going
Going,Taylor,L,3,Going
Going,Taylor,L,4,Going
Going,Taylor,L,5,Going
Going,Taylor,L,6,Going
Going,Taylor,L,7,Going
Going,Taylor,P,1,Going
Going,Taylor,P,2,Going
Going,Taylor,P,3,Going
Going,Taylor,P,4,Going
Going,Taylor,P,5,Going
Going,Taylor,P,6,Going
Going,Taylor,P,7,Going
Happier,Amberly,L,1,Happier
Happier,Amberly,L,2,Happier
Happier,Amberly,L,3,Happier
Happier,Amberly,L,4,Happier
Happier,Amberly,L,5,Happier
Happier,Amberly,L,6,Happier
Happier,Amberly,L,7,Happier
Happier,Amberly,P,1,Happier
Happier,Amberly,P,2,Happier
Happier,Amberly,P,3,Happier
Happier,Amberly,P,4,Happier
Happier,Amberly,P,5,Happier
Happier,Amberly,P,6,Happier
Happier,Amberly,P,7,Happier
Happier,Emily,L,1,Happier
Happier,Emily,L,2,Happier
Happier,Emily,L,3,Happier
Happier,Emily,L,4,Happier
Happier,Emily,L,5,Happier
Happier,Emily,L,6,Happier
Happier,Emily,L,7,Happier
Happier,Emily,P,1,Happier
Happier,Emily,P,2,Happier
Happier,Emily,P,3,Happier
Happier,Emily,P,4,Happier
Happier,Emily,P,5,Happier
Happier,Emily,P,6,Happier
Happier,Emily,P,7,Happier
Happier,Sara,L,1,Happier
Happier,Sara,L,2,Happier
Happier,Sara,L,3,Happier
Happier,Sara,L,4,Happier
Happier,Sara,L,5,Happier
Happier,Sara,L,6,Happier
Happier,Sara,L,7,Happier
Happier,Sara,P,1,Happier
Happier,Sara,P,2,Happier
Happier,Sara,P,3,Happier
Happier,Sara,P,4,Happier
Happier,Sara,P,5,Happier
Happier,Sara,P,6,Happier
Happier,Sara,P,7,Happier
Happier,Taylor,L,1,Happier
Happier,Taylor,L,2,Happier
Happier,Taylor,L,3,Happier
Happier,Taylor,L,4,Happier
Happier,Taylor,L,5,Happier
Happier,Taylor,L,6,Happier
Happier,Taylor,L,7,Happier
Happier,Taylor,P,1,Happier
Happier,Taylor,P,2,Happier
Happier,Taylor,P,3,Happier
Happier,Taylor,P,4,Happier
Happier,Taylor,P,5,Happier
Happier,Taylor,P,6,Happier
Happier,Taylor,P,7,Happier
Haunt,Amberly,L,1,Haunt
Haunt,Amberly,L,2,Haunt
Haunt,Amberly,L,3,Haunt
Haunt,Amberly,L,4,Haunt
Haunt,Amberly,L,5,Haunt
Haunt,Amberly,L,6,Haunt
Haunt,Amberly,L,7,Haunt
Haunt,Amberly,P,1,Haunt
Haunt,Amberly,P,2,Haunt
Haunt,Amberly,P,3,Haunt
Haunt,Amberly,P,4,Haunt
Haunt,Amberly,P,5,Haunt
Haunt,Amberly,P,6,Haunt
Haunt,Amberly,P,7,Haunt
Haunt,Emily,L,1,Haunt
Haunt,Emily,L,2,Haunt
Haunt,Emily,L,3,Haunt
Haunt,Emily,L,4,Haunt
Haunt,Emily,L,5,Haunt
Haunt,Emily,L,6,Haunt
Haunt,Emily,L,7,Haunt
Haunt,Emily,P,1,Haunt
Haunt,Emily,P,2,Haunt
Haunt,Emily,P,3,Haunt
Haunt,Emily,P,4,Haunt
Haunt,Emily,P,5,Haunt
Haunt,Emily,P,6,Haunt
Haunt,Emily,P,7,Haunt
Haunt,Sara,L,1,Haunt
Haunt,Sara,L,2,Haunt
Haunt,Sara,L,3,Haunt
Haunt,Sara,L,4,Haunt
Haunt,Sara,L,5,Haunt
Haunt,Sara,L,6,Haunt
Haunt,Sara,L,7,Haunt
Haunt,Sara,P,1,Haunt
Haunt,Sara,P,2,Haunt
Haunt,Sara,P,3,Haunt
Haunt,Sara,P,4,Haunt
Haunt,Sara,P,5,Haunt
Haunt,Sara,P,6,Haunt
Haunt,Sara,P,7,Haunt
Haunt,Taylor,L,1,Haunt
Haunt,Taylor,L,2,Haunt
Haunt,Taylor,L,3,Haunt
Haunt,Taylor,L,4,Haunt
Haunt,Taylor,L,5,Haunt
Haunt,Taylor,L,6,Haunt
Haunt,Taylor,L,7,Haunt
Haunt,Taylor,P,1,Haunt
Haunt,Taylor,P,2,Haunt
Haunt,Taylor,P,3,Haunt
Haunt,Taylor,P,4,Haunt
Haunt,Taylor,P,5,Haunt
Haunt,Taylor,P,6,Haunt
Haunt,Taylor,P,7,Haunt
Hope,Amberly,L,1,Hope
Hope,Amberly,L,2,Hope
Hope,Amberly,L,3,Hope
Hope,Amberly,L,4,Hope
Hope,Amberly,L,5,Hope
Hope,Amberly,L,6,Hope
Hope,Amberly,L,7,Hope
Hope,Amberly,P,1,Hope
Hope,Amberly,P,2,Hope
Hope,Amberly,P,3,Hope
Hope,Amberly,P,4,Hope
Hope,Amberly,P,5,Hope
Hope,Amberly,P,6,Hope
Hope,Amberly,P,7,Hope
Hope,Emily,L,1,Hope
Hope,Emily,L,2,
Hope,Emily,L,3,Hope
Hope,Emily,L,4,Hope
Hope,Emily,L,5,Hope
Hope,Emily,L,6,Host
Hope,Emily,L,7,Hope
Hope,Emily,P,1,Hope
Hope,Emily,P,2,Hope
Hope,Emily,P,3,Hope
Hope,Emily,P,4,Hope
Hope,Emily,P,5,Hope
Hope,Emily,P,6,Hope
Hope,Emily,P,7,Hope
Hope,Sara,L,1,Hope
Hope,Sara,L,2,Crawl
Hope,Sara,L,3,Hope
Hope,Sara,L,4,Hope
Hope,Sara,L,5,Hope
Hope,Sara,L,6,Hope
Hope,Sara,L,7,Hope
Hope,Sara,P,1,Hope
Hope,Sara,P,2,Crawl
Hope,Sara,P,3,Hope
Hope,Sara,P,4,Hope
Hope,Sara,P,5,Hope
Hope,Sara,P,6,Hope
Hope,Sara,P,7,Hope
Hope,Taylor,L,1,Hope
Hope,Taylor,L,2,Hope
Hope,Taylor,L,3,Hope
Hope,Taylor,L,4,Hope
Hope,Taylor,L,5,Hope
Hope,Taylor,L,6,Hope
Hope,Taylor,L,7,Hope
Hope,Taylor,P,1,Hope
Hope,Taylor,P,2,Hope
Hope,Taylor,P,3,Hope
Hope,Taylor,P,4,Hope
Hope,Taylor,P,5,Hope
Hope,Taylor,P,6,Hope
Hope,Taylor,P,7,Hope
Host,Amberly,L,1,Host
Host,Amberly,L,2,Host
Host,Amberly,L,3,Host
Host,Amberly,L,4,Host
Host,Amberly,L,5,Host
Host,Amberly,L,6,Host
Host,Amberly,L,7,Host
Host,Amberly,P,1,Host
Host,Amberly,P,2,Host
Host,Amberly,P,3,Host
Host,Amberly,P,4,Host
Host,Amberly,P,5,Host
Host,Amberly,P,6,Host
Host,Amberly,P,7,Host
Host,Emily,L,1,Host
Host,Emily,L,2,Host
Host,Emily,L,3,Host
Host,Emily,L,4,Host
Host,Emily,L,5,Host
Host,Emily,L,6,Host
Host,Emily,L,7,Host
Host,Emily,P,1,Host
Host,Emily,P,2,Host
Host,Emily,P,3,Host
Host,Emily,P,4,Host
Host,Emily,P,5,Host
Host,Emily,P,6,Host
Host,Emily,P,7,Host
Host,Sara,L,1,Host
Host,Sara,L,2,Host
Host,Sara,L,3,Host
Host,Sara,L,4,Host
Host,Sara,L,5,Host
Host,Sara,L,6,Host
Host,Sara,L,7,Host
Host,Sara,P,1,Host
Host,Sara,P,2,Host
Host,Sara,P,3,Host
Host,Sara,P,4,Host
Host,Sara,P,5,Host
Host,Sara,P,6,Host
Host,Sara,P,7,Host
Host,Taylor,L,1,Host
Host,Taylor,L,2,Host
Host,Taylor,L,3,Host
Host,Taylor,L,4,Host
Host,Taylor,L,5,Host
Host,Taylor,L,6,Host
Host,Taylor,L,7,Host
Host,Taylor,P,1,Host
Host,Taylor,P,2,Host
Host,Taylor,P,3,Host
Host,Taylor,P,4,Host
Host,Taylor,P,5,Host
Host,Taylor,P,6,Host
Host,Taylor,P,7,Host
Joyous,Amberly,L,1,Joyous
Joyous,Amberly,L,2,Joyous
Joyous,Amberly,L,3,Joyous
Joyous,Amberly,L,4,Joyous
Joyous,Amberly,L,5,Joyous
Joyous,Amberly,L,6,Joyous
Joyous,Amberly,L,7,Joyous
Joyous,Amberly,P,1,Joyous
Joyous,Amberly,P,2,Joyous
Joyous,Amberly,P,3,Joyous
Joyous,Amberly,P,4,Joyous
Joyous,Amberly,P,5,Joyous
Joyous,Amberly,P,6,Joyous
Joyous,Amberly,P,7,Joyous
Joyous,Emily,L,1,Joyous
Joyous,Emily,L,2,Joyous
Joyous,Emily,L,3,Joyous
Joyous,Emily,L,4,Joyous
Joyous,Emily,L,5,Joyous
Joyous,Emily,L,6,Joyous
Joyous,Emily,L,7,Joyous
Joyous,Emily,P,1,Joyous
Joyous,Emily,P,2,Joyous
Joyous,Emily,P,3,Joyous
Joyous,Emily,P,4,Joyous
Joyous,Emily,P,5,Joyous
Joyous,Emily,P,6,Joyous
Joyous,Emily,P,7,Joyous
Joyous,Sara,L,1,Riotous
Joyous,Sara,L,2,Joyous
Joyous,Sara,L,3,Joyous
Joyous,Sara,L,4,Joyous
Joyous,Sara,L,5,Joyous
Joyous,Sara,L,6,Giant
Joyous,Sara,L,7,Joyous
Joyous,Sara,P,1,Giant
Joyous,Sara,P,2,Joyous
Joyous,Sara,P,3,Joyous
Joyous,Sara,P,4,Joyous
Joyous,Sara,P,5,
Joyous,Sara,P,6,Joyous
Joyous,Sara,P,7,Joyous
Joyous,Taylor,L,1,Joyous
Joyous,Taylor,L,2,Joyous
Joyous,Taylor,L,3,Joyous
Joyous,Taylor,L,4,Joyous
Joyous,Taylor,L,5,Joyous
Joyous,Taylor,L,6,Joyous
Joyous,Taylor,L,7,Joyous
Joyous,Taylor,P,1,Joyous
Joyous,Taylor,P,2,Joyous
Joyous,Taylor,P,3,Joyous
Joyous,Taylor,P,4,Joyous
Joyous,Taylor,P,5,Joyous
Joyous,Taylor,P,6,Joyous
Joyous,Taylor,P,7,Joyous
Kind,Amberly,L,1,Kind
Kind,Amberly,L,2,Kind
Kind,Amberly,L,3,Kind
Kind,Amberly,L,4,Going
Kind,Amberly,L,5,Kind
Kind,Amberly,L,6,
Kind,Amberly,L,7,Kind
Kind,Amberly,P,1,Kind
Kind,Amberly,P,2,Kind
Kind,Amberly,P,3,Kind
Kind,Amberly,P,4,Kind
Kind,Amberly,P,5,Kind
Kind,Amberly,P,6,Going
Kind,Amberly,P,7,Kind
Kind,Emily,L,1,Kind
Kind,Emily,L,2,Riotous
Kind,Emily,L,3,Kind
Kind,Emily,L,4,Kind
Kind,Emily,L,5,Kind
Kind,Emily,L,6,Kind
Kind,Emily,L,7,Kind
Kind,Emily,P,1,Kind
Kind,Emily,P,2,Giant
Kind,Emily,P,3,Kind
Kind,Emily,P,4,Kind
Kind,Emily,P,5,Kind
Kind,Emily,P,6,Kind
Kind,Emily,P,7,
Kind,Sara,L,1,Kind
Kind,Sara,L,2,Kind
Kind,Sara,L,3,Kind
Kind,Sara,L,4,Kind
Kind,Sara,L,5,Kind
Kind,Sara,L,6,Kind
Kind,Sara,L,7,Kind
Kind,Sara,P,1,Kind
Kind,Sara,P,2,Kind
Kind,Sara,P,3,Kind
Kind,Sara,P,4,Kind
Kind,Sara,P,5,
Kind,Sara,P,6,Kind
Kind,Sara,P,7,Kind
Kind,Taylor,L,1,
Kind,Taylor,L,2,Kind
Kind,Taylor,L,3,Kind
Kind,Taylor,L,4,Kind
Kind,Taylor,L,5,Kind
Kind,Taylor,L,6,Kind
Kind,Taylor,L,7,Kind
Kind,Taylor,P,1,Kind
Kind,Taylor,P,2,Kind
Kind,Taylor,P,3,Kind
Kind,Taylor,P,4,Kind
Kind,Taylor,P,5,Kind
Kind,Taylor,P,6,Kind
Kind,Taylor,P,7,Kind
Kiss,Amberly,L,1,Joyous
Kiss,Amberly,L,2,
Kiss,Amberly,L,3,Joyous
Kiss,Amberly,L,4,
Kiss,Amberly,L,5,
Kiss,Amberly,L,6,Joyous
Kiss,Amberly,L,7,Joyous
Kiss,Amberly,P,1,Joyous
Kiss,Amberly,P,2,Joyous
Kiss,Amberly,P,3,Joyous
Kiss,Amberly,P,4,Joyous
Kiss,Amberly,P,5,Joyous
Kiss,Amberly,P,6,Joyous
Kiss,Amberly,P,7,Joyous
Kiss,Emily,L,1,Joyous
Kiss,Emily,L,2,Joyous
Kiss,Emily,L,3,Joyous
Kiss,Emily,L,4,Joyous
Kiss,Emily,L,5,Joyous
Kiss,Emily,L,6,Joyous
Kiss,Emily,L,7,Joyous
Kiss,Emily,P,1,Joyous
Kiss,Emily,P,2,Joyous
Kiss,Emily,P,3,Joyous
Kiss,Emily,P,4,Joyous
Kiss,Emily,P,5,Joyous
Kiss,Emily,P,6,Joyous
Kiss,Emily,P,7,Joyous
Kiss,Sara,L,1,Feud
Kiss,Sara,L,2,Feud
Kiss,Sara,L,3,Mouse
Kiss,Sara,L,4,Feud
Kiss,Sara,L,5,Feud
Kiss,Sara,L,6,
Kiss,Sara,L,7,Feud
Kiss,Sara,P,1,Feud
Kiss,Sara,P,2,Shell
Kiss,Sara,P,3,
Kiss,Sara,P,4,Feud
Kiss,Sara,P,5,Feud
Kiss,Sara,P,6,Feud
Kiss,Sara,P,7,Joyous
Kiss,Taylor,L,1,
Kiss,Taylor,L,2,Kiss
Kiss,Taylor,L,3,Kiss
Kiss,Taylor,L,4,Kiss
Kiss,Taylor,L,5,Joyous
Kiss,Taylor,L,6,Joyous
Kiss,Taylor,L,7,Joyous
Kiss,Taylor,P,1,Joyous
Kiss,Taylor,P,2,Kiss
Kiss,Taylor,P,3,Kiss
Kiss,Taylor,P,4,Kiss
Kiss,Taylor,P,5,Kiss
Kiss,Taylor,P,6,Kiss
Kiss,Taylor,P,7,Joyous
Lake,Amberly,L,1,Lake
Lake,Amberly,L,2,Lake
Lake,Amberly,L,3,Lake
Lake,Amberly,L,4,Lake
Lake,Amberly,L,5,Lake
Lake,Amberly,L,6,Lake
Lake,Amberly,L,7,Lake
Lake,Amberly,P,1,Lake
Lake,Amberly,P,2,Lake
Lake,Amberly,P,3,Lake
Lake,Amberly,P,4,Lake
Lake,Amberly,P,5,Lake
Lake,Amberly,P,6,Lake
Lake,Amberly,P,7,Lake
Lake,Emily,L,1,Lake
Lake,Emily,L,2,Lake
Lake,Emily,L,3,Lake
Lake,Emily,L,4,Lake
Lake,Emily,L,5,Lake
Lake,Emily,L,6,Lake
Lake,Emily,L,7,Lake
Lake,Emily,P,1,Lake
Lake,Emily,P,2,Lake
Lake,Emily,P,3,Lake
Lake,Emily,P,4,Lake
Lake,Emily,P,5,Lake
Lake,Emily,P,6,Lake
Lake,Emily,P,7,Lake
Lake,Sara,L,1,Flight
Lake,Sara,L,2,
Lake,Sara,L,3,
Lake,Sara,L,4,Lake
Lake,Sara,L,5,
Lake,Sara,L,6,
Lake,Sara,L,7,Lake
Lake,Sara,P,1,
Lake,Sara,P,2,Lake
Lake,Sara,P,3,Fringe
Lake,Sara,P,4,Flight
Lake,Sara,P,5,Slaying
Lake,Sara,P,6,Fringe
Lake,Sara,P,7,Lake
Lake,Taylor,L,1,Lake
Lake,Taylor,L,2,Lake
Lake,Taylor,L,3,Lake
Lake,Taylor,L,4,Lake
Lake,Taylor,L,5,Lake
Lake,Taylor,L,6,Lake
Lake,Taylor,L,7,Lake
Lake,Taylor,P,1,Lake
Lake,Taylor,P,2,Lake
Lake,Taylor,P,3,Lake
Lake,Taylor,P,4,Lake
Lake,Taylor,P,5,Lake
Lake,Taylor,P,6,Lake
Lake,Taylor,P,7,Lake
Me,Amberly,L,1,Me
Me,Amberly,L,2,Me
Me,Amberly,L,3,Me
Me,Amberly,L,4,Me
Me,Amberly,L,5,Me
Me,Amberly,L,6,Me
Me,Amberly,L,7,Me
Me,Amberly,P,1,Me
Me,Amberly,P,2,Me
Me,Amberly,P,3,Me
Me,Amberly,P,4,Me
Me,Amberly,P,5,Me
Me,Amberly,P,6,Me
Me,Amberly,P,7,Me
Me,Emily,L,1,Slaying
Me,Emily,L,2,Scheming
Me,Emily,L,3,
Me,Emily,L,4,Scheming
Me,Emily,L,5,Scheming
Me,Emily,L,6,Me
Me,Emily,L,7,Me
Me,Emily,P,1,Me
Me,Emily,P,2,Me
Me,Emily,P,3,Me
Me,Emily,P,4,Lake
Me,Emily,P,5,Me
Me,Emily,P,6,Me
Me,Emily,P,7,Me
Me,Sara,L,1,Me
Me,Sara,L,2,Me
Me,Sara,L,3,Me
Me,Sara,L,4,Me
Me,Sara,L,5,Me
Me,Sara,L,6,Me
Me,Sara,L,7,Me
Me,Sara,P,1,Me
Me,Sara,P,2,Going
Me,Sara,P,3,Me
Me,Sara,P,4,Me
Me,Sara,P,5,Me
Me,Sara,P,6,Me
Me,Sara,P,7,
Me,Taylor,L,1,Me
Me,Taylor,L,2,Me
Me,Taylor,L,3,Me
Me,Taylor,L,4,Me
Me,Taylor,L,5,Me
Me,Taylor,L,6,Me
Me,Taylor,L,7,Me
Me,Taylor,P,1,Me
Me,Taylor,P,2,Me
Me,Taylor,P,3,Me
Me,Taylor,P,4,Me
Me,Taylor,P,5,Me
Me,Taylor,P,6,Me
Me,Taylor,P,7,Me
Mouse,Amberly,L,1,Mouse
Mouse,Amberly,L,2,Mouse
Mouse,Amberly,L,3,Mouse
Mouse,Amberly,L,4,Mouse
Mouse,Amberly,L,5,Fluff
Mouse,Amberly,L,6,Mouse
Mouse,Amberly,L,7,Mouse
Mouse,Amberly,P,1,Mouse
Mouse,Amberly,P,2,Mouse
Mouse,Amberly,P,3,Mouse
Mouse,Amberly,P,4,Mouse
Mouse,Amberly,P,5,Mouse
Mouse,Amberly,P,6,Mouse
Mouse,Amberly,P,7,Mouse
Mouse,Emily,L,1,Mouse
Mouse,Emily,L,2,Mouse
Mouse,Emily,L,3,Mouse
Mouse,Emily,L,4,Mouse
Mouse,Emily,L,5,Mouse
Mouse,Emily,L,6,Mouse
Mouse,Emily,L,7,Mouse
Mouse,Emily,P,1,Mouse
Mouse,Emily,P,2,Mouse
Mouse,Emily,P,3,Mouse
Mouse,Emily,P,4,Mouse
Mouse,Emily,P,5,Mouse
Mouse,Emily,P,6,Mouse
Mouse,Emily,P,7,Mouse
Mouse,Sara,L,1,Mouse
Mouse,Sara,L,2,Mouse
Mouse,Sara,L,3,Mouse
Mouse,Sara,L,4,Mouse
Mouse,Sara,L,5,Mouse
Mouse,Sara,L,6,Mouse
Mouse,Sara,L,7,Mouse
Mouse,Sara,P,1,Mouse
Mouse,Sara,P,2,
Mouse,Sara,P,3,Mouse
Mouse,Sara,P,4,Mouse
Mouse,Sara,P,5,Mouse
Mouse,Sara,P,6,Mouse
Mouse,Sara,P,7,Mouse
Mouse,Taylor,L,1,Mouse
Mouse,Taylor,L,2,
Mouse,Taylor,L,3,
Mouse,Taylor,L,4,Mouse
Mouse,Taylor,L,5,Mouse
Mouse,Taylor,L,6,
Mouse,Taylor,L,7,Mouse
Mouse,Taylor,P,1,
Mouse,Taylor,P,2,
Mouse,Taylor,P,3,Mouse
Mouse,Taylor,P,4,
Mouse,Taylor,P,5,
Mouse,Taylor,P,6,Mouse
Mouse,Taylor,P,7,Mouse
Picnic,Amberly,L,1,
Picnic,Amberly,L,2,
Picnic,Amberly,L,3,Picnic
Picnic,Amberly,L,4,
Picnic,Amberly,L,5,Picnic
Picnic,Amberly,L,6,Crack
Picnic,Amberly,L,7,Crack
Picnic,Amberly,P,1,Lake
Picnic,Amberly,P,2,
Picnic,Amberly,P,3,Me
Picnic,Amberly,P,4,
Picnic,Amberly,P,5,
Picnic,Amberly,P,6,
Picnic,Amberly,P,7,
Picnic,Emily,L,1,Picnic
Picnic,Emily,L,2,Picnic
Picnic,Emily,L,3,Picnic
Picnic,Emily,L,4,Picnic
Picnic,Emily,L,5,Picnic
Picnic,Emily,L,6,
Picnic,Emily,L,7,
Picnic,Emily,P,1,Picnic
Picnic,Emily,P,2,
Picnic,Emily,P,3,Picnic
Picnic,Emily,P,4,
Picnic,Emily,P,5,Lake
Picnic,Emily,P,6,Picnic
Picnic,Emily,P,7,
Picnic,Sara,L,1,Feud
Picnic,Sara,L,2,Feud
Picnic,Sara,L,3,
Picnic,Sara,L,4,Feud
Picnic,Sara,L,5,Feud
Picnic,Sara,L,6,Feud
Picnic,Sara,L,7,Feud
Picnic,Sara,P,1,Feud
Picnic,Sara,P,2,Table
Picnic,Sara,P,3,Feud
Picnic,Sara,P,4,
Picnic,Sara,P,5,Feud
Picnic,Sara,P,6,Feud
Picnic,Sara,P,7,Feud
Picnic,Taylor,L,1,
Picnic,Taylor,L,2,Picnic
Picnic,Taylor,L,3,Picnic
Picnic,Taylor,L,4,Picnic
Picnic,Taylor,L,5,Picnic
Picnic,Taylor,L,6,Picnic
Picnic,Taylor,L,7,Picnic
Picnic,Taylor,P,1,Picnic
Picnic,Taylor,P,2,Picnic
Picnic,Taylor,P,3,Picnic
Picnic,Taylor,P,4,Picnic
Picnic,Taylor,P,5,Picnic
Picnic,Taylor,P,6,Picnic
Picnic,Taylor,P,7,Picnic
Riotous,Amberly,L,1,Riotous
Riotous,Amberly,L,2,Riotous
Riotous,Amberly,L,3,Riotous
Riotous,Amberly,L,4,Riotous
Riotous,Amberly,L,5,Riotous
Riotous,Amberly,L,6,Riotous
Riotous,Amberly,L,7,Riotous
Riotous,Amberly,P,1,Riotous
Riotous,Amberly,P,2,Riotous
Riotous,Amberly,P,3,Riotous
Riotous,Amberly,P,4,Riotous
Riotous,Amberly,P,5,Riotous
Riotous,Amberly,P,6,Riotous
Riotous,Amberly,P,7,Riotous
Riotous,Emily,L,1,Riotous
Riotous,Emily,L,2,Riotous
Riotous,Emily,L,3,Riotous
Riotous,Emily,L,4,Riotous
Riotous,Emily,L,5,Flight
Riotous,Emily,L,6,Riotous
Riotous,Emily,L,7,Riotous
Riotous,Emily,P,1,Riotous
Riotous,Emily,P,2,Riotous
Riotous,Emily,P,3,Riotous
Riotous,Emily,P,4,Riotous
Riotous,Emily,P,5,Riotous
Riotous,Emily,P,6,Riotous
Riotous,Emily,P,7,Riotous
Riotous,Sara,L,1,Riotous
Riotous,Sara,L,2,Riotous
Riotous,Sara,L,3,Riotous
Riotous,Sara,L,4,Riotous
Riotous,Sara,L,5,Riotous
Riotous,Sara,L,6,Riotous
Riotous,Sara,L,7,Riotous
Riotous,Sara,P,1,Riotous
Riotous,Sara,P,2,Riotous
Riotous,Sara,P,3,Riotous
Riotous,Sara,P,4,Riotous
Riotous,Sara,P,5,Riotous
Riotous,Sara,P,6,Riotous
Riotous,Sara,P,7,Crawl
Riotous,Taylor,L,1,Riotous
Riotous,Taylor,L,2,Riotous
Riotous,Taylor,L,3,Riotous
Riotous,Taylor,L,4,Riotous
Riotous,Taylor,L,5,Riotous
Riotous,Taylor,L,6,Riotous
Riotous,Taylor,L,7,Riotous
Riotous,Taylor,P,1,Riotous
Riotous,Taylor,P,2,Riotous
Riotous,Taylor,P,3,Riotous
Riotous,Taylor,P,4,Riotous
Riotous,Taylor,P,5,Riotous
Riotous,Taylor,P,6,Riotous
Riotous,Taylor,P,7,Riotous
Scheming,Amberly,L,1,Scheming
Scheming,Amberly,L,2,Scheming
Scheming,Amberly,L,3,Feud
Scheming,Amberly,L,4,Scheming
Scheming,Amberly,L,5,Scheming
Scheming,Amberly,L,6,Scheming
Scheming,Amberly,L,7,Scheming
Scheming,Amberly,P,1,Scheming
Scheming,Amberly,P,2,Scheming
Scheming,Amberly,P,3,Scheming
Scheming,Amberly,P,4,Scheming
Scheming,Amberly,P,5,Scheming
Scheming,Amberly,P,6,Scheming
Scheming,Amberly,P,7,Scheming
Scheming,Emily,L,1,Scheming
Scheming,Emily,L,2,Scheming
Scheming,Emily,L,3,Scheming
Scheming,Emily,L,4,Scheming
Scheming,Emily,L,5,Scheming
Scheming,Emily,L,6,Scheming
Scheming,Emily,L,7,Scheming
Scheming,Emily,P,1,Scheming
Scheming,Emily,P,2,Scheming
Scheming,Emily,P,3,Scheming
Scheming,Emily,P,4,Scheming
Scheming,Emily,P,5,Scheming
Scheming,Emily,P,6,Scheming
Scheming,Emily,P,7,Scheming
Scheming,Sara,L,1,Scheming
Scheming,Sara,L,2,Scheming
Scheming,Sara,L,3,Scheming
Scheming,Sara,L,4,Scheming
Scheming,Sara,L,5,Scheming
Scheming,Sara,L,6,Scheming
Scheming,Sara,L,7,Scheming
Scheming,Sara,P,1,Scheming
Scheming,Sara,P,2,Scheming
Scheming,Sara,P,3,Scheming
Scheming,Sara,P,4,Scheming
Scheming,Sara,P,5,Scheming
Scheming,Sara,P,6,Scheming
Scheming,Sara,P,7,Scheming
Scheming,Taylor,L,1,Scheming
Scheming,Taylor,L,2,Scheming
Scheming,Taylor,L,3,Scheming
Scheming,Taylor,L,4,Scheming
Scheming,Taylor,L,5,Scheming
Scheming,Taylor,L,6,Scheming
Scheming,Taylor,L,7,Scheming
Scheming,Taylor,P,1,Scheming
Scheming,Taylor,P,2,Scheming
Scheming,Taylor,P,3,Scheming
Scheming,Taylor,P,4,Scheming
Scheming,Taylor,P,5,Scheming
Scheming,Taylor,P,6,Scheming
Scheming,Taylor,P,7,Scheming
Shell,Amberly,L,1,Shell
Shell,Amberly,L,2,Shell
Shell,Amberly,L,3,Shell
Shell,Amberly,L,4,Shell
Shell,Amberly,L,5,Shell
Shell,Amberly,L,6,Shell
Shell,Amberly,L,7,Shell
Shell,Amberly,P,1,Shell
Shell,Amberly,P,2,Shell
Shell,Amberly,P,3,Shell
Shell,Amberly,P,4,Shell
Shell,Amberly,P,5,Shell
Shell,Amberly,P,6,Shell
Shell,Amberly,P,7,Shell
Shell,Emily,L,1,Shell
Shell,Emily,L,2,Shell
Shell,Emily,L,3,Shell
Shell,Emily,L,4,Shell
Shell,Emily,L,5,Shell
Shell,Emily,L,6,Shell
Shell,Emily,L,7,Shell
Shell,Emily,P,1,Shell
Shell,Emily,P,2,Shell
Shell,Emily,P,3,Shell
Shell,Emily,P,4,Shell
Shell,Emily,P,5,Shell
Shell,Emily,P,6,Shell
Shell,Emily,P,7,Shell
Shell,Sara,L,1,Shell
Shell,Sara,L,2,Shell
Shell,Sara,L,3,Shell
Shell,Sara,L,4,Shell
Shell,Sara,L,5,Shell
Shell,Sara,L,6,Shell
Shell,Sara,L,7,Shell
Shell,Sara,P,1,Shell
Shell,Sara,P,2,Shell
Shell,Sara,P,3,Shell
Shell,Sara,P,4,Shell
Shell,Sara,P,5,Shell
Shell,Sara,P,6,Shell
Shell,Sara,P,7,Shell
Shell,Taylor,L,1,Shell
Shell,Taylor,L,2,Shell
Shell,Taylor,L,3,Shell
Shell,Taylor,L,4,Shell
Shell,Taylor,L,5,Shell
Shell,Taylor,L,6,Shell
Shell,Taylor,L,7,Shell
Shell,Taylor,P,1,Shell
Shell,Taylor,P,2,Shell
Shell,Taylor,P,3,Shell
Shell,Taylor,P,4,Shell
Shell,Taylor,P,5,Shell
Shell,Taylor,P,6,Shell
Shell,Taylor,P,7,Shell
Shredded,Amberly,L,1,Shredded
Shredded,Amberly,L,2,Shredded
Shredded,Amberly,L,3,Shredded
Shredded,Amberly,L,4,Shredded
Shredded,Amberly,L,5,Shredded
Shredded,Amberly,L,6,Shredded
Shredded,Amberly,L,7,Shredded
Shredded,Amberly,P,1,Shredded
Shredded,Amberly,P,2,Shredded
Shredded,Amberly,P,3,Shredded
Shredded,Amberly,P,4,Shredded
Shredded,Amberly,P,5,Shredded
Shredded,Amberly,P,6,Shredded
Shredded,Amberly,P,7,Shredded
Shredded,Emily,L,1,Shredded
Shredded,Emily,L,2,Shredded
Shredded,Emily,L,3,Shredded
Shredded,Emily,L,4,Shredded
Shredded,Emily,L,5,Shredded
Shredded,Emily,L,6,Shredded
Shredded,Emily,L,7,Shredded
Shredded,Emily,P,1,Shredded
Shredded,Emily,P,2,Shredded
Shredded,Emily,P,3,Shredded
Shredded,Emily,P,4,Shredded
Shredded,Emily,P,5,Shredded
Shredded,Emily,P,6,Shredded
Shredded,Emily,P,7,Shredded
Shredded,Sara,L,1,Shredded
Shredded,Sara,L,2,Shredded
Shredded,Sara,L,3,Shredded
Shredded,Sara,L,4,Shredded
Shredded,Sara,L,5,Shredded
Shredded,Sara,L,6,Shredded
Shredded,Sara,L,7,Shredded
Shredded,Sara,P,1,Shell
Shredded,Sara,P,2,Shredded
Shredded,Sara,P,3,Shell
Shredded,Sara,P,4,Shredded
Shredded,Sara,P,5,Shredded
Shredded,Sara,P,6,Shell
Shredded,Sara,P,7,Shredded
Shredded,Taylor,L,1,Shredded
Shredded,Taylor,L,2,Shredded
Shredded,Taylor,L,3,Shredded
Shredded,Taylor,L,4,Shredded
Shredded,Taylor,L,5,Shredded
Shredded,Taylor,L,6,Shredded
Shredded,Taylor,L,7,Shredded
Shredded,Taylor,P,1,Shredded
Shredded,Taylor,P,2,Shredded
Shredded,Taylor,P,3,Shredded
Shredded,Taylor,P,4,Shredded
Shredded,Taylor,P,5,Shredded
Shredded,Taylor,P,6,Shredded
Shredded,Taylor,P,7,Shredded
Slaying,Amberly,L,1,Flight
Slaying,Amberly,L,2,Slaying
Slaying,Amberly,L,3,Slaying
Slaying,Amberly,L,4,Slaying
Slaying,Amberly,L,5,Slaying
Slaying,Amberly,L,6,Slaying
Slaying,Amberly,L,7,Slaying
Slaying,Amberly,P,1,Slaying
Slaying,Amberly,P,2,Slaying
Slaying,Amberly,P,3,Slaying
Slaying,Amberly,P,4,Slaying
Slaying,Amberly,P,5,Slaying
Slaying,Amberly,P,6,Slaying
Slaying,Amberly,P,7,Slaying
Slaying,Emily,L,1,Slaying
Slaying,Emily,L,2,Slaying
Slaying,Emily,L,3,Slaying
Slaying,Emily,L,4,Slaying
Slaying,Emily,L,5,Slaying
Slaying,Emily,L,6,Slaying
Slaying,Emily,L,7,Slaying
Slaying,Emily,P,1,Slaying
Slaying,Emily,P,2,Slaying
Slaying,Emily,P,3,Slaying
Slaying,Emily,P,4,Slaying
Slaying,Emily,P,5,Slaying
Slaying,Emily,P,6,Slaying
Slaying,Emily,P,7,Slaying
Slaying,Sara,L,1,Slaying
Slaying,Sara,L,2,Slaying
Slaying,Sara,L,3,Slaying
Slaying,Sara,L,4,Slaying
Slaying,Sara,L,5,Slaying
Slaying,Sara,L,6,Slaying
Slaying,Sara,L,7,Slaying
Slaying,Sara,P,1,Slaying
Slaying,Sara,P,2,Slaying
Slaying,Sara,P,3,Slaying
Slaying,Sara,P,4,Slaying
Slaying,Sara,P,5,Slaying
Slaying,Sara,P,6,Slaying
Slaying,Sara,P,7,Slaying
Slaying,Taylor,L,1,Slaying
Slaying,Taylor,L,2,Slaying
Slaying,Taylor,L,3,Slaying
Slaying,Taylor,L,4,Slaying
Slaying,Taylor,L,5,Slaying
Slaying,Taylor,L,6,Slaying
Slaying,Taylor,L,7,Slaying
Slaying,Taylor,P,1,Slaying
Slaying,Taylor,P,2,Slaying
Slaying,Taylor,P,3,
Slaying,Taylor,P,4,Slaying
Slaying,Taylor,P,5,Slaying
Slaying,Taylor,P,6,Slaying
Slaying,Taylor,P,7,
Spying,Amberly,L,1,Slaying
Spying,Amberly,L,2,Slaying
Spying,Amberly,L,3,Slaying
Spying,Amberly,L,4,Slaying
Spying,Amberly,L,5,Slaying
Spying,Amberly,L,6,Slaying
Spying,Amberly,L,7,
Spying,Amberly,P,1,Slaying
Spying,Amberly,P,2,Slaying
Spying,Amberly,P,3,Slaying
Spying,Amberly,P,4,Slaying
Spying,Amberly,P,5,Slaying
Spying,Amberly,P,6,Slaying
Spying,Amberly,P,7,Slaying
Spying,Emily,L,1,Spying
Spying,Emily,L,2,Slaying
Spying,Emily,L,3,Slaying
Spying,Emily,L,4,Slaying
Spying,Emily,L,5,Slaying
Spying,Emily,L,6,Slaying
Spying,Emily,L,7,Slaying
Spying,Emily,P,1,Spying
Spying,Emily,P,2,Slaying
Spying,Emily,P,3,Slaying
Spying,Emily,P,4,Slaying
Spying,Emily,P,5,Slaying
Spying,Emily,P,6,Slaying
Spying,Emily,P,7,Slaying
Spying,Sara,L,1,Slaying
Spying,Sara,L,2,Slaying
Spying,Sara,L,3,Slaying
Spying,Sara,L,4,Slaying
Spying,Sara,L,5,Slaying
Spying,Sara,L,6,Slaying
Spying,Sara,L,7,Slaying
Spying,Sara,P,1,Slaying
Spying,Sara,P,2,Slaying
Spying,Sara,P,3,Slaying
Spying,Sara,P,4,Slaying
Spying,Sara,P,5,Slaying
Spying,Sara,P,6,Slaying
Spying,Sara,P,7,Slaying
Spying,Taylor,L,1,Spying
Spying,Taylor,L,2,Spying
Spying,Taylor,L,3,Spying
Spying,Taylor,L,4,Spying
Spying,Taylor,L,5,Spying
Spying,Taylor,L,6,Spying
Spying,Taylor,L,7,Spying
Spying,Taylor,P,1,Spying
Spying,Taylor,P,2,Spying
Spying,Taylor,P,3,Spying
Spying,Taylor,P,4,Spying
Spying,Taylor,P,5,Spying
Spying,Taylor,P,6,Spying
Spying,Taylor,P,7,Spying
Steep,Amberly,L,1,Steep
Steep,Amberly,L,2,Steep
Steep,Amberly,L,3,Steep
Steep,Amberly,L,4,Steep
Steep,Amberly,L,5,Steep
Steep,Amberly,L,6,Steep
Steep,Amberly,L,7,Decoy
Steep,Amberly,P,1,Steep
Steep,Amberly,P,2,Steep
Steep,Amberly,P,3,Me
Steep,Amberly,P,4,Steep
Steep,Amberly,P,5,Steep
Steep,Amberly,P,6,Steep
Steep,Amberly,P,7,Steep
Steep,Emily,L,1,Steep
Steep,Emily,L,2,Steep
Steep,Emily,L,3,Steep
Steep,Emily,L,4,Steep
Steep,Emily,L,5,Steep
Steep,Emily,L,6,Scheming
Steep,Emily,L,7,Steep
Steep,Emily,P,1,Steep
Steep,Emily,P,2,Steep
Steep,Emily,P,3,Stew
Steep,Emily,P,4,Steep
Steep,Emily,P,5,Steep
Steep,Emily,P,6,Steep
Steep,Emily,P,7,Steep
Steep,Sara,L,1,Steep
Steep,Sara,L,2,Steep
Steep,Sara,L,3,Stew
Steep,Sara,L,4,Scheming
Steep,Sara,L,5,Feud
Steep,Sara,L,6,Feud
Steep,Sara,L,7,Scheming
Steep,Sara,P,1,Scheming
Steep,Sara,P,2,Scheming
Steep,Sara,P,3,Feud
Steep,Sara,P,4,Feud
Steep,Sara,P,5,Stew
Steep,Sara,P,6,Stew
Steep,Sara,P,7,Scheming
Steep,Taylor,L,1,Steep
Steep,Taylor,L,2,Steep
Steep,Taylor,L,3,Steep
Steep,Taylor,L,4,Steep
Steep,Taylor,L,5,Steep
Steep,Taylor,L,6,Steep
Steep,Taylor,L,7,Steep
Steep,Taylor,P,1,Steep
Steep,Taylor,P,2,Steep
Steep,Taylor,P,3,Steep
Steep,Taylor,P,4,Steep
Steep,Taylor,P,5,Steep
Steep,Taylor,P,6,Steep
Steep,Taylor,P,7,Steep
Stew,Amberly,L,1,Stew
Stew,Amberly,L,2,Stew
Stew,Amberly,L,3,Stew
Stew,Amberly,L,4,Stew
Stew,Amberly,L,5,Stew
Stew,Amberly,L,6,Stew
Stew,Amberly,L,7,Stew
Stew,Amberly,P,1,Stew
Stew,Amberly,P,2,Stew
Stew,Amberly,P,3,Stew
Stew,Amberly,P,4,Stew
Stew,Amberly,P,5,Stew
Stew,Amberly,P,6,Stew
Stew,Amberly,P,7,Stew
Stew,Emily,L,1,Stew
Stew,Emily,L,2,Stew
Stew,Emily,L,3,Stew
Stew,Emily,L,4,Stew
Stew,Emily,L,5,Stew
Stew,Emily,L,6,Stew
Stew,Emily,L,7,Stew
Stew,Emily,P,1,Stew
Stew,Emily,P,2,Stew
Stew,Emily,P,3,Stew
Stew,Emily,P,4,Stew
Stew,Emily,P,5,Stew
Stew,Emily,P,6,Stew
Stew,Emily,P,7,Stew
Stew,Sara,L,1,Stew
Stew,Sara,L,2,Stew
Stew,Sara,L,3,Stew
Stew,Sara,L,4,Stew
Stew,Sara,L,5,Stew
Stew,Sara,L,6,Stew
Stew,Sara,L,7,Stew
Stew,Sara,P,1,Stew
Stew,Sara,P,2,Stew
Stew,Sara,P,3,Stew
Stew,Sara,P,4,Stew
Stew,Sara,P,5,Stew
Stew,Sara,P,6,Stew
Stew,Sara,P,7,Stew
Stew,Taylor,L,1,Stew
Stew,Taylor,L,2,Stew
Stew,Taylor,L,3,Stew
Stew,Taylor,L,4,Stew
Stew,Taylor,L,5,Stew
Stew,Taylor,L,6,Stew
Stew,Taylor,L,7,Stew
Stew,Taylor,P,1,Stew
Stew,Taylor,P,2,Stew
Stew,Taylor,P,3,
Stew,Taylor,P,4,Shell
Stew,Taylor,P,5,Shell
Stew,Taylor,P,6,
Stew,Taylor,P,7,Feud
Table,Amberly,L,1,Table
Table,Amberly,L,2,Table
Table,Amberly,L,3,Table
Table,Amberly,L,4,Table
Table,Amberly,L,5,Table
Table,Amberly,L,6,Table
Table,Amberly,L,7,Table
Table,Amberly,P,1,Table
Table,Amberly,P,2,Table
Table,Amberly,P,3,Table
Table,Amberly,P,4,Table
Table,Amberly,P,5,Table
Table,Amberly,P,6,Table
Table,Amberly,P,7,Table
Table,Emily,L,1,Table
Table,Emily,L,2,Table
Table,Emily,L,3,Table
Table,Emily,L,4,Table
Table,Emily,L,5,Table
Table,Emily,L,6,Table
Table,Emily,L,7,Table
Table,Emily,P,1,Table
Table,Emily,P,2,Table
Table,Emily,P,3,Table
Table,Emily,P,4,Table
Table,Emily,P,5,Table
Table,Emily,P,6,Table
Table,Emily,P,7,Table
Table,Sara,L,1,Table
Table,Sara,L,2,Table
Table,Sara,L,3,Table
Table,Sara,L,4,Table
Table,Sara,L,5,Table
Table,Sara,L,6,Table
Table,Sara,L,7,Table
Table,Sara,P,1,Table
Table,Sara,P,2,Table
Table,Sara,P,3,Shell
Table,Sara,P,4,Table
Table,Sara,P,5,Table
Table,Sara,P,6,Table
Table,Sara,P,7,Table
Table,Taylor,L,1,Table
Table,Taylor,L,2,Table
Table,Taylor,L,3,Table
Table,Taylor,L,4,Table
Table,Taylor,L,5,Table
Table,Taylor,L,6,Table
Table,Taylor,L,7,Table
Table,Taylor,P,1,Table
Table,Taylor,P,2,Table
Table,Taylor,P,3,Table
Table,Taylor,P,4,Table
Table,Taylor,P,5,Table
Table,Taylor,P,6,Table
Table,Taylor,P,7,Table
Tooth,Amberly,L,1,Tooth
Tooth,Amberly,L,2,Feud
Tooth,Amberly,L,3,Stew
Tooth,Amberly,L,4,Tooth
Tooth,Amberly,L,5,Feud
Tooth,Amberly,L,6,Stew
Tooth,Amberly,L,7,Tooth
Tooth,Amberly,P,1,Tooth
Tooth,Amberly,P,2,Feud
Tooth,Amberly,P,3,Tooth
Tooth,Amberly,P,4,Tooth
Tooth,Amberly,P,5,Stew
Tooth,Amberly,P,6,Stew
Tooth,Amberly,P,7,Stew
Tooth,Emily,L,1,Tooth
Tooth,Emily,L,2,Tooth
Tooth,Emily,L,3,Tooth
Tooth,Emily,L,4,Tooth
Tooth,Emily,L,5,Tooth
Tooth,Emily,L,6,Tooth
Tooth,Emily,L,7,Tooth
Tooth,Emily,P,1,Tooth
Tooth,Emily,P,2,Tooth
Tooth,Emily,P,3,Tooth
Tooth,Emily,P,4,Tooth
Tooth,Emily,P,5,Tooth
Tooth,Emily,P,6,Tooth
Tooth,Emily,P,7,Feud
Tooth,Sara,L,1,
Tooth,Sara,L,2,Feud
Tooth,Sara,L,3,Feud
Tooth,Sara,L,4,Feud
Tooth,Sara,L,5,Feud
Tooth,Sara,L,6,Tooth
Tooth,Sara,L,7,Feud
Tooth,Sara,P,1,Feud
Tooth,Sara,P,2,Feud
Tooth,Sara,P,3,Feud
Tooth,Sara,P,4,Feud
Tooth,Sara,P,5,Feud
Tooth,Sara,P,6,Stew
Tooth,Sara,P,7,Feud
Tooth,Taylor,L,1,Tooth
Tooth,Taylor,L,2,Tooth
Tooth,Taylor,L,3,Tooth
Tooth,Taylor,L,4,Tooth
Tooth,Taylor,L,5,Tooth
Tooth,Taylor,L,6,Tooth
Tooth,Taylor,L,7,Tooth
Tooth,Taylor,P,1,Tooth
Tooth,Taylor,P,2,Tooth
Tooth,Taylor,P,3,Tooth
Tooth,Taylor,P,4,Tooth
Tooth,Taylor,P,5,Tooth
Tooth,Taylor,P,6,Tooth
Tooth,Taylor,P,7,Tooth
Treated,Amberly,L,1,Treated
Treated,Amberly,L,2,Treated
Treated,Amberly,L,3,Treated
Treated,Amberly,L,4,Treated
Treated,Amberly,L,5,Shredded
Treated,Amberly,L,6,Treated
Treated,Amberly,L,7,Treated
Treated,Amberly,P,1,Treated
Treated,Amberly,P,2,Treated
Treated,Amberly,P,3,Treated
Treated,Amberly,P,4,Treated
Treated,Amberly,P,5,Treated
Treated,Amberly,P,6,Treated
Treated,Amberly,P,7,Treated
Treated,Emily,L,1,Treated
Treated,Emily,L,2,Treated
Treated,Emily,L,3,Treated
Treated,Emily,L,4,Treated
Treated,Emily,L,5,Treated
Treated,Emily,L,6,Treated
Treated,Emily,L,7,Treated
Treated,Emily,P,1,Treated
Treated,Emily,P,2,Treated
Treated,Emily,P,3,Treated
Treated,Emily,P,4,Treated
Treated,Emily,P,5,Treated
Treated,Emily,P,6,Treated
Treated,Emily,P,7,Treated
Treated,Sara,L,1,Feud
Treated,Sara,L,2,Treated
Treated,Sara,L,3,Treated
Treated,Sara,L,4,Stew
Treated,Sara,L,5,Feud
Treated,Sara,L,6,Feud
Treated,Sara,L,7,Feud
Treated,Sara,P,1,Treated
Treated,Sara,P,2,Treated
Treated,Sara,P,3,Treated
Treated,Sara,P,4,Treated
Treated,Sara,P,5,Feud
Treated,Sara,P,6,Treated
Treated,Sara,P,7,
Treated,Taylor,L,1,Treated
Treated,Taylor,L,2,Treated
Treated,Taylor,L,3,Treated
Treated,Taylor,L,4,Treated
Treated,Taylor,L,5,Treated
Treated,Taylor,L,6,Treated
Treated,Taylor,L,7,Treated
Treated,Taylor,P,1,Treated
Treated,Taylor,P,2,Treated
Treated,Taylor,P,3,Treated
Treated,Taylor,P,4,Treated
Treated,Taylor,P,5,Treated
Treated,Taylor,P,6,Treated
Treated,Taylor,P,7,Treated
Weather,Amberly,L,1,Weather
Weather,Amberly,L,2,Weather
Weather,Amberly,L,3,Weather
Weather,Amberly,L,4,Weather
Weather,Amberly,L,5,Weather
Weather,Amberly,L,6,Weather
Weather,Amberly,L,7,Weather
Weather,Amberly,P,1,Weather
Weather,Amberly,P,2,Weather
Weather,Amberly,P,3,Weather
Weather,Amberly,P,4,Weather
Weather,Amberly,P,5,Weather
Weather,Amberly,P,6,Weather
Weather,Amberly,P,7,Weather
Weather,Emily,L,1,Weather
Weather,Emily,L,2,Weather
Weather,Emily,L,3,Weather
Weather,Emily,L,4,Weather
Weather,Emily,L,5,Weather
Weather,Emily,L,6,Weather
Weather,Emily,L,7,Weather
Weather,Emily,P,1,Weather
Weather,Emily,P,2,Weather
Weather,Emily,P,3,Weather
Weather,Emily,P,4,Weather
Weather,Emily,P,5,Weather
Weather,Emily,P,6,Weather
Weather,Emily,P,7,Weather
Weather,Sara,L,1,Weather
Weather,Sara,L,2,Weather
Weather,Sara,L,3,Weather
Weather,Sara,L,4,Weather
Weather,Sara,L,5,Weather
Weather,Sara,L,6,Flight
Weather,Sara,L,7,
Weather,Sara,P,1,
Weather,Sara,P,2,Weather
Weather,Sara,P,3,Weather
Weather,Sara,P,4,Weather
Weather,Sara,P,5,Weather
Weather,Sara,P,6,Weather
Weather,Sara,P,7,Weather
Weather,Taylor,L,1,Weather
Weather,Taylor,L,2,Weather
Weather,Taylor,L,3,Weather
Weather,Taylor,L,4,Weather
Weather,Taylor,L,5,Weather
Weather,Taylor,L,6,Weather
Weather,Taylor,L,7,Weather
Weather,Taylor,P,1,Weather
Weather,Taylor,P,2,Weather
Weather,Taylor,P,3,Weather
Weather,Taylor,P,4,Weather
Weather,Taylor,P,5,Weather
Weather,Taylor,P,6,Weather
Weather,Taylor,P,7,Weather
Wiggle,Amberly,L,1,Wiggle
Wiggle,Amberly,L,2,Wiggle
Wiggle,Amberly,L,3,Wiggle
Wiggle,Amberly,L,4,Wiggle
Wiggle,Amberly,L,5,Wiggle
Wiggle,Amberly,L,6,Wiggle
Wiggle,Amberly,L,7,Wiggle
Wiggle,Amberly,P,1,Wiggle
Wiggle,Amberly,P,2,Wiggle
Wiggle,Amberly,P,3,Wiggle
Wiggle,Amberly,P,4,Wiggle
Wiggle,Amberly,P,5,Wiggle
Wiggle,Amberly,P,6,Wiggle
Wiggle,Amberly,P,7,Wiggle
Wiggle,Emily,L,1,Wiggle
Wiggle,Emily,L,2,Wiggle
Wiggle,Emily,L,3,Wiggle
Wiggle,Emily,L,4,Wiggle
Wiggle,Emily,L,5,Wiggle
Wiggle,Emily,L,6,Wiggle
Wiggle,Emily,L,7,Wiggle
Wiggle,Emily,P,1,Wiggle
Wiggle,Emily,P,2,Wiggle
Wiggle,Emily,P,3,Wiggle
Wiggle,Emily,P,4,Wiggle
Wiggle,Emily,P,5,Wiggle
Wiggle,Emily,P,6,Wiggle
Wiggle,Emily,P,7,Wiggle
Wiggle,Sara,L,1,Wiggle
Wiggle,Sara,L,2,Wiggle
Wiggle,Sara,L,3,Wiggle
Wiggle,Sara,L,4,Wiggle
Wiggle,Sara,L,5,Wiggle
Wiggle,Sara,L,6,Wiggle
Wiggle,Sara,L,7,Wiggle
Wiggle,Sara,P,1,Wiggle
Wiggle,Sara,P,2,Wiggle
Wiggle,Sara,P,3,Wiggle
Wiggle,Sara,P,4,Wiggle
Wiggle,Sara,P,5,Wiggle
Wiggle,Sara,P,6,Wiggle
Wiggle,Sara,P,7,Wiggle
Wiggle,Taylor,L,1,Wiggle
Wiggle,Taylor,L,2,Wiggle
Wiggle,Taylor,L,3,Wiggle
Wiggle,Taylor,L,4,Wiggle
Wiggle,Taylor,L,5,Wiggle
Wiggle,Taylor,L,6,Wiggle
Wiggle,Taylor,L,7,Wiggle
Wiggle,Taylor,P,1,Wiggle
Wiggle,Taylor,P,2,Wiggle
Wiggle,Taylor,P,3,Wiggle
Wiggle,Taylor,P,4,Wiggle
Wiggle,Taylor,P,5,Wiggle
Wiggle,Taylor,P,6,Wiggle
Wiggle,Taylor,P,7,Wiggle
Yell,Amberly,L,1,Yell
Yell,Amberly,L,2,Yell
Yell,Amberly,L,3,Yell
Yell,Amberly,L,4,Yell
Yell,Amberly,L,5,Yell
Yell,Amberly,L,6,Yell
Yell,Amberly,L,7,Yell
Yell,Amberly,P,1,Yell
Yell,Amberly,P,2,Yell
Yell,Amberly,P,3,Yell
Yell,Amberly,P,4,Yell
Yell,Amberly,P,5,Yell
Yell,Amberly,P,6,Yell
Yell,Amberly,P,7,Yell
Yell,Emily,L,1,Yell
Yell,Emily,L,2,Yell
Yell,Emily,L,3,Yell
Yell,Emily,L,4,Yell
Yell,Emily,L,5,Yell
Yell,Emily,L,6,Yell
Yell,Emily,L,7,Yell
Yell,Emily,P,1,Yell
Yell,Emily,P,2,Yell
Yell,Emily,P,3,Yell
Yell,Emily,P,4,Yell
Yell,Emily,P,5,Yell
Yell,Emily,P,6,Yell
Yell,Emily,P,7,Yell
Yell,Sara,L,1,Yell
Yell,Sara,L,2,Yell
Yell,Sara,L,3,Yell
Yell,Sara,L,4,Yell
Yell,Sara,L,5,Yell
Yell,Sara,L,6,Yell
Yell,Sara,L,7,Yell
Yell,Sara,P,1,Yell
Yell,Sara,P,2,Yell
Yell,Sara,P,3,Yell
Yell,Sara,P,4,Yell
Yell,Sara,P,5,Yell
Yell,Sara,P,6,Yell
Yell,Sara,P,7,Yell
Yell,Taylor,L,1,Yell
Yell,Taylor,L,2,Yell
Yell,Taylor,L,3,Yell
Yell,Taylor,L,4,Yell
Yell,Taylor,L,5,Yell
Yell,Taylor,L,6,Yell
Yell,Taylor,L,7,Yell
Yell,Taylor,P,1,Yell
Yell,Taylor,P,2,Yell
Yell,Taylor,P,3,Yell
Yell,Taylor,P,4,Yell
Yell,Taylor,P,5,Yell
Yell,Taylor,P,6,Yell
Yell,Taylor,P,7,Yell
